<patchboard>
	<settings>
		<input>
			<type>EmotiBit::TypeTag</type>
		</input>
		<output>
			<type>ofxOscilloscope</type>
		</output>
	</settings>
	<patchcords>
		<patch>
			<input>PR</input>
			<output>0</output>
		</patch>
		<patch>
			<input>PI</input>
			<output>1</output>
		</patch>
		<patch>
			<input>PG</input>
			<output>2</output>
		</patch>
		<patch>
			<input>EA</input>
			<output>3</output>
		</patch>
		<patch>
			<input>AX</input>
			<output>4</output>
		</patch>
		<patch>
			<input>AY</input>
			<output>5</output>
		</patch>
		<patch>
			<input>AZ</input>
			<output>6</output>
		</patch>
		<patch>
			<input>GX</input>
			<output>7</output>
		</patch>
		<patch>
			<input>GY</input>
			<output>8</output>
		</patch>
		<patch>
			<input>GZ</input>
			<output>9</output>
		</patch>
		<patch>
			<input>MX</input>
			<output>10</output>
		</patch>
		<patch>
			<input>MY</input>
			<output>11</output>
		</patch>
		<patch>
			<input>MZ</input>
			<output>12</output>
		</patch>
		<patch>
			<input>T1</input>
			<output>13</output>
		</patch>
		<patch>
			<input>HR</input>
			<output>14</output>
		</patch>
		<patch>
			<input>SA</input>
			<output>15</output>
		</patch>
		<patch>
			<input>SF</input>
			<output>16</output>
		</patch>
		<patch>
			<input>SR</input>
			<output>17</output>
		</patch>
	</patchcords>
</patchboard>	