<multiScope>
    <x>0.000000000</x>
    <y>55.000000000</y>
    <width>750.000000000</width>
    <height>825.000000000</height>
    <legendFontName>verdanab.ttf</legendFontName>
    <legendFontSize>11</legendFontSize>
    <axesFontName>verdana.ttf</axesFontName>
    <axesFontSize>10</axesFontSize>
    <plotLineWidth>3</plotLineWidth>
    <scope>
        <samplingFrequency>25.000000000</samplingFrequency>
        <timeWindow>10.000000000</timeWindow>
        <yMin>0.000000000</yMin>
        <yMax>0.000000000</yMax>
        <minYSpan>0.000000000</minYSpan>
        <plot>
            <plotId>0</plotId>
            <plotName>PPG:RED</plotName>
            <plotColor>
                <r>255</r>
                <g>69</g>
                <b>78</b>
            </plotColor>
        </plot>
    </scope>
	<scope>
        <samplingFrequency>25.000000000</samplingFrequency>
        <timeWindow>10.000000000</timeWindow>
        <yMin>0.000000000</yMin>
        <yMax>0.000000000</yMax>
        <minYSpan>0.000000000</minYSpan>
        <plot>
            <plotId>1</plotId>
            <plotName>PPG:IR</plotName>
            <plotColor>
                <r>128</r>
                <g>75</g>
                <b>181</b>
            </plotColor>
        </plot>
    </scope>
	<scope>
        <samplingFrequency>25.000000000</samplingFrequency>
        <timeWindow>10.000000000</timeWindow>
        <yMin>0.000000000</yMin>
        <yMax>0.000000000</yMax>
        <minYSpan>0.000000000</minYSpan>
        <plot>
            <plotId>2</plotId>
            <plotName>PPG:GRN</plotName>
            <plotColor>
                <r>120</r>
                <g>209</g>
                <b>192</b>
            </plotColor>
        </plot>
    </scope>
    <scope>
        <samplingFrequency>25.000000000</samplingFrequency>
        <timeWindow>10.000000000</timeWindow>
        <yMin>0.000000000</yMin>
        <yMax>0.000000000</yMax>
        <minYSpan>10.000000000</minYSpan>
        <plot>
            <plotId>14</plotId>
            <plotName>HR</plotName>
            <plotColor>
                <r>255</r>
                <g>0</g>
                <b>0</b>
            </plotColor>
        </plot>
    </scope>
    <scope>
        <samplingFrequency>15.000000000</samplingFrequency>
        <timeWindow>10.000000000</timeWindow>
        <yMin>0.000000000</yMin>
        <yMax>0.000000000</yMax>
        <minYSpan>0.000000000</minYSpan>
        <plot>
            <plotId>3</plotId>
            <plotName>EDA</plotName>
            <plotColor>
                <r>21</r>
                <g>73</g>
                <b>130</b>
            </plotColor>
        </plot>
    </scope>
    <scope>
        <samplingFrequency>15.000000000</samplingFrequency>
        <timeWindow>10.000000000</timeWindow>
        <yMin>0.000000000</yMin>
        <yMax>0.000000000</yMax>
        <minYSpan>0.020000000</minYSpan>
        <plot>
            <plotId>15</plotId>
            <plotName>SCR:AMP</plotName>
            <plotColor>
                <r>21</r>
                <g>73</g>
                <b>130</b>
            </plotColor>
        </plot>
    </scope>
</multiScope>
<multiScope>		
	<x>750.000000000</x>
    <y>55.000000000</y>
    <width>750.000000000</width>
    <height>825.000000000</height>    <legendFontName>verdanab.ttf</legendFontName>
    <legendFontSize>11</legendFontSize>
    <axesFontName>verdana.ttf</axesFontName>
    <axesFontSize>10</axesFontSize>
    <plotLineWidth>3</plotLineWidth>
	<scope>
        <samplingFrequency>25.00000000</samplingFrequency>
        <timeWindow>10.000000000</timeWindow>
        <yMin>-8.000000000</yMin>
        <yMax>8.000000000</yMax>
        <minYSpan>0.0000000</minYSpan>
        <plot>
            <plotId>4</plotId>
            <plotName>ACC:X</plotName>
            <plotColor>
                <r>255</r>
                <g>115</g>
                <b>0</b>
            </plotColor>
        </plot>
				<plot>
            <plotId>5</plotId>
            <plotName>ACC:Y</plotName>
            <plotColor>
                <r>1</r>
                <g>204</g>
                <b>115</b>
            </plotColor>
        </plot>				
				<plot>
            <plotId>6</plotId>
            <plotName>ACC:Z</plotName>
            <plotColor>
                <r>4</r>
                <g>107</g>
                <b>183</b>
            </plotColor>
        </plot>
    </scope>
	<scope>
        <samplingFrequency>25.00000000</samplingFrequency>
        <timeWindow>10.000000000</timeWindow>
        <yMin>-1000.000000000</yMin>
        <yMax>1000.000000000</yMax>
        <minYSpan>0.0000000</minYSpan>
        <plot>
            <plotId>7</plotId>
            <plotName>GYRO:X</plotName>
            <plotColor>
                <r>255</r>
                <g>115</g>
                <b>0</b>
            </plotColor>
        </plot>
				<plot>
            <plotId>8</plotId>
            <plotName>GYRO:Y</plotName>
            <plotColor>
                <r>1</r>
                <g>204</g>
                <b>115</b>
            </plotColor>
        </plot>				
				<plot>
            <plotId>9</plotId>
            <plotName>GYRO:Z</plotName>
            <plotColor>
                <r>4</r>
                <g>107</g>
                <b>183</b>
            </plotColor>
        </plot>
    </scope>			
	<scope>
        <samplingFrequency>25.00000000</samplingFrequency>
        <timeWindow>10.000000000</timeWindow>
        <yMin>0.000000000</yMin>
        <yMax>0.000000000</yMax>
        <minYSpan>50.000000</minYSpan>
        <plot>
            <plotId>10</plotId>
            <plotName>MAG:X</plotName>
            <plotColor>
                <r>255</r>
                <g>115</g>
                <b>0</b>
            </plotColor>
        </plot>
				<plot>
            <plotId>11</plotId>
            <plotName>MAG:Y</plotName>
            <plotColor>
                <r>1</r>
                <g>204</g>
                <b>115</b>
            </plotColor>
        </plot>				
				<plot>
            <plotId>12</plotId>
            <plotName>MAG:Z</plotName>
            <plotColor>
                <r>4</r>
                <g>107</g>
                <b>183</b>
            </plotColor>
        </plot>
    </scope>	
	<scope>
        <samplingFrequency>7.500000000</samplingFrequency>
        <timeWindow>10.000000000</timeWindow>
        <yMin>0.000000000</yMin>
        <yMax>0.000000000</yMax>
        <minYSpan>2.0000000</minYSpan>
        <plot>
            <plotId>13</plotId>
            <plotName>TEMP1</plotName>
            <plotColor>
                <r>234</r>
                <g>174</g>
                <b>68</b>
            </plotColor>
        </plot>
    </scope>
    <scope>
        <samplingFrequency>3.000000000</samplingFrequency>
        <timeWindow>10.000000000</timeWindow>
        <yMin>0.000000000</yMin>
        <yMax>0.000000000</yMax>
        <minYSpan>3.000000000</minYSpan>
        <plot>
            <plotId>16</plotId>
            <plotName>SCR:FREQ</plotName>
            <plotColor>
                <r>21</r>
                <g>73</g>
                <b>130</b>
            </plotColor>
        </plot>
    </scope>
    <scope>
        <samplingFrequency>15.000000000</samplingFrequency>
        <timeWindow>10.000000000</timeWindow>
        <yMin>0.000000000</yMin>
        <yMax>0.000000000</yMax>
        <minYSpan>1.000000000</minYSpan>
        <plot>
            <plotId>17</plotId>
            <plotName>SCR:RIS</plotName>
            <plotColor>
                <r>21</r>
                <g>73</g>
                <b>130</b>
            </plotColor>
        </plot>
    </scope>					
</multiScope>
