<patchboard>
	<settings>
		<input>
			<type>EmotiBit</type>
		</input>
		<output>
			<type>OSC</type>
			<ipAddress>localhost</ipAddress>
			<port>12345</port>
		</output>
	</settings>
	<patchcords>
		<patch>
			<input>PR</input>
			<output>/EmotiBit/0/PPG:RED</output>
		</patch>		
		<patch>
			<input>PI</input>
			<output>/EmotiBit/0/PPG:IR</output>
		</patch>	
		<patch>
			<input>PG</input>
			<output>/EmotiBit/0/PPG:GRN</output>
		</patch>
		<patch>
			<input>HR</input>
			<output>/EmotiBit/0/HR</output>
		</patch>
		<patch>
			<input>EA</input>
			<output>/EmotiBit/0/EDA</output>
		</patch>
		<patch>
			<input>SA</input>
			<output>/EmotiBit/0/SCR:AMP</output>
		</patch>
		<patch>
			<input>SR</input>
			<output>/EmotiBit/0/SCR:RIS</output>
		</patch>
		<patch>
			<input>SF</input>
			<output>/EmotiBit/0/SCR:FREQ</output>
		</patch>
		<patch>
			<input>H0</input>
			<output>/EmotiBit/0/HUMIDITY</output>
		</patch>
		<patch>
			<input>AX</input>
			<output>/EmotiBit/0/ACC:X</output>
		</patch>
		<patch>
			<input>AY</input>
			<output>/EmotiBit/0/ACC:Y</output>
		</patch>
		<patch>
			<input>AZ</input>
			<output>/EmotiBit/0/ACC:Z</output>
		</patch>
		<patch>
			<input>GX</input>
			<output>/EmotiBit/0/GYRO:X</output>
		</patch>
		<patch>
			<input>GY</input>
			<output>/EmotiBit/0/GYRO:Y</output>
		</patch>
		<patch>
			<input>GZ</input>
			<output>/EmotiBit/0/GYRO:Z</output>
		</patch>
		<patch>
			<input>MX</input>
			<output>/EmotiBit/0/MAG:X</output>
		</patch>
		<patch>
			<input>MY</input>
			<output>/EmotiBit/0/MAG:Y</output>
		</patch>
		<patch>
			<input>MZ</input>
			<output>/EmotiBit/0/MAG:Z</output>
		</patch>
		<patch>
			<input>TH</input>
			<output>/EmotiBit/0/THERM</output>
		</patch>
		<patch>
			<input>T0</input>
			<output>/EmotiBit/0/TEMP</output>
		</patch>
	</patchcords>
</patchboard>	